"";"CODMUNRES";"ANO";"NIVEL";"TO";"TORC";"TORCR";"TO_N";"TO_NN";"TO_CB_C";"TO_CB_N";"TO_CB_O";"TO_CB_R";"TO_CB_I";"TO_M";"TO_F";"TO_F_IF";"TO_FT";"TO_NT";"TO_NT_T";"TO_NT_P";"TO_PNT";"TO_MT_G";"TONT_B";"TONT_PT";"TONT_PD";"TONT_I";"TONT_A"
"1";430003;2015;"MUNICIPIO";33;0;0;33;0;12;3;17;1;0;21;12;NA;NA;NA;NA;NA;33;NA;NA;NA;NA;NA;NA
"2";430005;2015;"MUNICIPIO";18;0;0;18;0;6;3;5;3;1;12;6;NA;NA;NA;NA;NA;18;NA;NA;NA;NA;NA;NA
"3";430010;2015;"MUNICIPIO";146;0;0;144;2;65;16;57;7;1;84;62;7;NA;2;2;0;144;NA;2;0;0;0;0
"4";430020;2015;"MUNICIPIO";65;0;0;64;1;28;3;24;10;0;32;33;3;NA;1;1;0;64;NA;1;0;0;0;0
"5";430030;2015;"MUNICIPIO";58;0;0;57;1;20;7;24;7;0;27;31;3;NA;NA;NA;NA;58;NA;NA;NA;NA;NA;NA
"6";430040;2015;"MUNICIPIO";748;0;0;739;9;247;88;307;95;11;389;359;29;NA;6;6;0;742;NA;5;1;0;0;0
"7";430045;2015;"MUNICIPIO";23;0;0;23;0;8;7;6;2;0;13;10;NA;NA;NA;NA;NA;23;NA;NA;NA;NA;NA;NA
"8";430047;2015;"MUNICIPIO";16;0;0;15;1;5;0;10;1;0;7;9;2;NA;NA;NA;NA;16;NA;NA;NA;NA;NA;NA
"9";430050;2015;"MUNICIPIO";56;0;0;55;1;16;2;29;8;1;36;20;1;NA;NA;NA;NA;56;NA;NA;NA;NA;NA;NA
"10";430055;2015;"MUNICIPIO";7;0;0;6;1;3;0;3;1;0;3;4;NA;NA;NA;NA;NA;7;NA;NA;NA;NA;NA;NA
"11";430057;2015;"MUNICIPIO";18;0;0;18;0;7;1;8;2;0;11;7;NA;NA;1;1;0;17;NA;1;0;0;0;0
"12";430060;2015;"MUNICIPIO";1556;0;0;1495;61;451;130;761;160;54;847;709;99;2;27;27;0;1525;2;14;9;4;0;0
"13";430063;2015;"MUNICIPIO";42;0;0;41;1;9;8;20;5;0;24;18;2;NA;NA;NA;NA;42;NA;NA;NA;NA;NA;NA
"14";430064;2015;"MUNICIPIO";50;0;0;50;0;14;1;22;12;1;32;18;1;NA;NA;NA;NA;50;NA;NA;NA;NA;NA;NA
"15";430066;2015;"MUNICIPIO";9;0;0;8;1;0;1;5;3;0;5;4;1;NA;NA;NA;NA;9;NA;NA;NA;NA;NA;NA
"16";430070;2015;"MUNICIPIO";42;0;0;38;4;11;2;23;6;0;24;18;1;NA;NA;NA;NA;42;NA;NA;NA;NA;NA;NA
"17";430080;2015;"MUNICIPIO";90;0;0;86;4;31;11;32;14;2;48;42;5;NA;NA;NA;NA;90;NA;NA;NA;NA;NA;NA
"18";430085;2015;"MUNICIPIO";22;0;0;22;0;8;0;11;2;1;14;8;NA;NA;NA;NA;NA;22;NA;NA;NA;NA;NA;NA
"19";430087;2015;"MUNICIPIO";42;0;0;42;0;10;6;20;5;1;22;20;2;NA;NA;NA;NA;42;NA;NA;NA;NA;NA;NA
"20";430090;2015;"MUNICIPIO";40;0;0;39;1;11;3;21;4;1;22;18;NA;NA;NA;NA;NA;40;NA;NA;NA;NA;NA;NA
"21";430100;2015;"MUNICIPIO";177;0;0;169;8;55;20;85;16;1;94;83;9;NA;1;1;0;175;NA;1;0;0;0;0
"22";430105;2015;"MUNICIPIO";54;0;0;53;1;18;3;23;9;1;33;21;2;NA;NA;NA;NA;54;NA;NA;NA;NA;NA;NA
"23";430107;2015;"MUNICIPIO";22;0;0;21;1;9;3;7;3;0;15;7;1;NA;NA;NA;NA;22;NA;NA;NA;NA;NA;NA
"24";430110;2015;"MUNICIPIO";115;0;0;110;5;36;6;63;6;4;68;47;4;NA;2;2;0;113;NA;2;0;0;0;0
"25";430120;2015;"MUNICIPIO";107;0;0;104;3;31;11;48;15;2;57;50;5;NA;1;1;0;106;NA;1;0;0;0;0
"26";430130;2015;"MUNICIPIO";178;0;0;176;2;49;21;76;28;4;104;74;2;NA;5;4;1;173;NA;5;0;0;0;0
"27";430140;2015;"MUNICIPIO";69;0;0;68;1;19;8;36;6;0;43;26;2;NA;3;3;0;66;NA;3;0;0;0;0
"28";430150;2015;"MUNICIPIO";75;0;0;75;0;22;8;33;9;3;37;38;2;NA;1;1;0;74;NA;1;0;0;0;0
"29";430155;2015;"MUNICIPIO";40;0;0;38;2;8;2;20;8;2;18;22;NA;NA;NA;NA;NA;40;NA;NA;NA;NA;NA;NA
"30";430160;2015;"MUNICIPIO";1054;0;0;1043;11;317;133;459;121;24;538;516;39;NA;20;19;1;1034;NA;16;1;3;0;0
"31";430163;2015;"MUNICIPIO";135;0;0;131;4;45;4;71;10;5;80;55;5;NA;1;1;0;134;NA;1;0;0;0;0
"32";430165;2015;"MUNICIPIO";29;0;0;29;0;12;3;9;5;0;17;12;NA;NA;2;2;0;27;NA;2;0;0;0;0
"33";430170;2015;"MUNICIPIO";47;0;0;46;1;13;5;20;8;1;27;20;2;NA;NA;NA;NA;47;NA;NA;NA;NA;NA;NA
"34";430175;2015;"MUNICIPIO";47;0;0;46;1;17;2;16;10;2;31;16;3;NA;2;2;0;45;NA;2;0;0;0;0
"35";430180;2015;"MUNICIPIO";35;0;0;33;2;12;3;14;6;0;24;11;NA;NA;NA;NA;NA;35;NA;NA;NA;NA;NA;NA
"36";430185;2015;"MUNICIPIO";25;0;0;25;0;4;3;14;4;0;14;11;2;NA;NA;NA;NA;25;NA;NA;NA;NA;NA;NA
"37";430187;2015;"MUNICIPIO";12;0;0;12;0;2;1;7;2;0;6;6;3;NA;NA;NA;NA;12;NA;NA;NA;NA;NA;NA
"38";430190;2015;"MUNICIPIO";84;0;0;82;2;25;13;35;10;1;48;36;3;NA;NA;NA;NA;84;NA;NA;NA;NA;NA;NA
"39";430192;2015;"MUNICIPIO";16;0;0;15;1;4;3;5;2;2;6;10;NA;NA;NA;NA;NA;16;NA;NA;NA;NA;NA;NA
"40";430195;2015;"MUNICIPIO";5;0;0;5;0;2;0;1;1;1;2;3;1;NA;NA;NA;NA;5;NA;NA;NA;NA;NA;NA
"41";430200;2015;"MUNICIPIO";79;0;0;78;1;23;8;33;15;0;53;26;2;NA;NA;NA;NA;79;NA;NA;NA;NA;NA;NA
"42";430205;2015;"MUNICIPIO";10;0;0;9;1;6;0;4;0;0;7;3;NA;NA;NA;NA;NA;10;NA;NA;NA;NA;NA;NA
"43";430210;2015;"MUNICIPIO";659;0;0;642;17;163;75;325;88;8;360;299;29;NA;15;15;0;644;NA;15;0;0;0;0
"44";430215;2015;"MUNICIPIO";20;0;0;20;0;7;2;10;1;0;11;9;1;NA;1;1;0;19;NA;1;0;0;0;0
"45";430220;2015;"MUNICIPIO";51;0;0;50;1;17;8;19;6;1;29;22;NA;NA;NA;NA;NA;51;NA;NA;NA;NA;NA;NA
"46";430222;2015;"MUNICIPIO";11;0;0;10;1;5;1;5;0;0;8;3;NA;NA;NA;NA;NA;11;NA;NA;NA;NA;NA;NA
"47";430223;2015;"MUNICIPIO";19;0;0;19;0;6;1;10;2;0;12;7;NA;NA;NA;NA;NA;19;NA;NA;NA;NA;NA;NA
"48";430225;2015;"MUNICIPIO";27;0;0;27;0;8;5;13;1;0;17;10;NA;NA;NA;NA;NA;27;NA;NA;NA;NA;NA;NA
"49";430230;2015;"MUNICIPIO";36;0;0;36;0;13;2;18;3;0;17;19;5;NA;2;2;0;34;NA;2;0;0;0;0
"50";430235;2015;"MUNICIPIO";79;0;0;75;4;19;9;39;11;1;49;30;4;NA;2;2;0;77;NA;2;0;0;0;0
"51";430237;2015;"MUNICIPIO";15;0;0;15;0;5;2;5;3;0;8;7;2;NA;NA;NA;NA;15;NA;NA;NA;NA;NA;NA
"52";430240;2015;"MUNICIPIO";89;0;0;86;3;35;7;27;19;1;40;49;3;NA;2;2;0;87;NA;2;0;0;0;0
"53";430245;2015;"MUNICIPIO";60;0;0;58;2;18;3;34;4;1;34;26;2;NA;1;1;0;59;NA;1;0;0;0;0
"54";430250;2015;"MUNICIPIO";46;0;0;46;0;9;10;20;7;0;28;18;1;NA;1;1;0;45;NA;1;0;0;0;0
"55";430258;2015;"MUNICIPIO";17;0;0;16;1;2;3;9;3;0;5;12;NA;NA;NA;NA;NA;17;NA;NA;NA;NA;NA;NA
"56";430260;2015;"MUNICIPIO";18;0;0;18;0;5;2;8;3;0;12;6;1;NA;NA;NA;NA;18;NA;NA;NA;NA;NA;NA
"57";430265;2015;"MUNICIPIO";41;0;0;41;0;19;2;12;7;1;18;23;2;NA;NA;NA;NA;41;NA;NA;NA;NA;NA;NA
"58";430270;2015;"MUNICIPIO";167;0;0;160;7;43;18;75;28;3;91;75;6;NA;2;2;0;165;NA;1;0;1;0;0
"59";430280;2015;"MUNICIPIO";347;0;0;341;6;119;39;152;31;6;192;154;11;NA;7;7;0;340;NA;6;1;0;0;0
"60";430290;2015;"MUNICIPIO";98;0;0;96;2;30;15;42;6;5;60;38;4;NA;2;2;0;96;NA;2;0;0;0;0
"61";430300;2015;"MUNICIPIO";937;0;0;922;15;292;91;405;142;7;481;456;34;NA;7;7;0;930;NA;6;0;0;1;0
"62";430310;2015;"MUNICIPIO";783;0;0;757;26;188;80;365;127;23;437;346;35;1;10;10;0;771;1;9;0;1;0;0
"63";430320;2015;"MUNICIPIO";49;0;0;45;4;17;5;25;2;0;27;22;1;NA;2;2;0;47;NA;1;0;0;1;0
"64";430330;2015;"MUNICIPIO";33;0;0;33;0;15;5;8;5;0;14;19;2;NA;1;1;0;32;NA;1;0;0;0;0
"65";430340;2015;"MUNICIPIO";32;0;0;32;0;7;6;15;4;0;20;12;1;NA;NA;NA;NA;32;NA;NA;NA;NA;NA;NA
"66";430350;2015;"MUNICIPIO";442;0;0;436;6;101;50;198;84;9;239;203;18;1;3;3;0;439;1;3;0;0;0;0
"67";430355;2015;"MUNICIPIO";15;0;0;15;0;6;1;5;3;0;7;8;NA;NA;1;1;0;14;NA;1;0;0;0;0
"68";430360;2015;"MUNICIPIO";30;0;0;30;0;7;4;17;2;0;17;13;2;NA;NA;NA;NA;30;NA;NA;NA;NA;NA;NA
"69";430367;2015;"MUNICIPIO";21;0;0;21;0;7;4;9;1;0;13;8;1;NA;NA;NA;NA;21;NA;NA;NA;NA;NA;NA
"70";430370;2015;"MUNICIPIO";55;0;0;53;2;19;3;26;6;1;32;23;NA;NA;1;1;0;54;NA;1;0;0;0;0
"71";430380;2015;"MUNICIPIO";41;0;0;40;1;8;8;16;8;1;22;19;1;NA;NA;NA;NA;41;NA;NA;NA;NA;NA;NA
"72";430390;2015;"MUNICIPIO";371;0;0;364;7;105;41;163;54;8;210;161;11;NA;7;7;0;364;NA;7;0;0;0;0
"73";430400;2015;"MUNICIPIO";45;0;0;45;0;11;5;20;7;2;28;17;1;NA;NA;NA;NA;45;NA;NA;NA;NA;NA;NA
"74";430410;2015;"MUNICIPIO";23;0;0;23;0;7;1;14;1;0;13;10;NA;NA;1;1;0;22;NA;1;0;0;0;0
"75";430420;2015;"MUNICIPIO";334;0;0;327;7;107;38;127;59;3;179;155;15;NA;3;3;0;331;NA;3;0;0;0;0
"76";430430;2015;"MUNICIPIO";54;0;0;53;1;24;5;21;4;0;28;26;2;1;2;2;0;52;1;2;0;0;0;0
"77";430435;2015;"MUNICIPIO";46;0;0;43;3;14;5;20;6;1;26;20;6;NA;2;1;1;44;NA;2;0;0;0;0
"78";430440;2015;"MUNICIPIO";266;0;0;261;5;94;19;122;30;1;148;118;16;NA;2;2;0;264;NA;2;0;0;0;0
"79";430450;2015;"MUNICIPIO";447;0;0;437;10;168;48;189;38;4;250;197;18;NA;1;1;0;446;NA;0;0;1;0;0
"80";430460;2015;"MUNICIPIO";2648;0;0;2584;64;659;302;1196;398;93;1398;1249;134;2;40;37;3;2602;1;33;0;3;0;0
"81";430461;2015;"MUNICIPIO";12;0;0;11;1;1;2;6;3;0;9;3;1;NA;NA;NA;NA;12;NA;NA;NA;NA;NA;NA
"82";430462;2015;"MUNICIPIO";15;0;0;15;0;1;4;7;3;0;11;4;1;NA;NA;NA;NA;15;NA;NA;NA;NA;NA;NA
"83";430463;2015;"MUNICIPIO";322;0;0;313;9;108;30;146;26;12;184;138;16;NA;3;3;0;319;NA;2;0;0;0;0
"84";430465;2015;"MUNICIPIO";15;0;0;14;1;3;0;8;4;0;11;4;NA;NA;NA;NA;NA;15;NA;NA;NA;NA;NA;NA
"85";430466;2015;"MUNICIPIO";185;0;0;179;6;46;20;90;27;2;105;80;6;NA;3;3;0;182;NA;2;0;1;0;0
"86";430467;2015;"MUNICIPIO";24;0;0;22;2;6;5;9;4;0;11;13;2;NA;NA;NA;NA;24;NA;NA;NA;NA;NA;NA
"87";430468;2015;"MUNICIPIO";64;0;0;64;0;19;7;29;9;0;35;29;5;NA;NA;NA;NA;64;NA;NA;NA;NA;NA;NA
"88";430469;2015;"MUNICIPIO";20;0;0;20;0;4;1;11;3;1;14;6;NA;NA;NA;NA;NA;20;NA;NA;NA;NA;NA;NA
"89";430470;2015;"MUNICIPIO";557;0;0;546;11;165;53;246;85;8;290;267;25;NA;13;11;2;544;NA;10;0;3;0;0
"90";430471;2015;"MUNICIPIO";34;0;0;34;0;17;3;11;3;0;22;12;1;NA;NA;NA;NA;34;NA;NA;NA;NA;NA;NA
"91";430480;2015;"MUNICIPIO";151;0;0;150;1;50;26;51;24;0;85;66;1;NA;1;1;0;150;NA;1;0;0;0;0
"92";430485;2015;"MUNICIPIO";7;0;0;7;0;0;2;3;2;0;4;3;NA;NA;NA;NA;NA;7;NA;NA;NA;NA;NA;NA
"93";430490;2015;"MUNICIPIO";67;0;0;64;3;21;5;31;10;0;36;31;1;NA;1;1;0;66;NA;0;0;1;0;0
"94";430495;2015;"MUNICIPIO";24;0;0;22;2;5;3;12;4;0;16;8;1;NA;NA;NA;NA;24;NA;NA;NA;NA;NA;NA
"95";430500;2015;"MUNICIPIO";90;0;0;85;5;26;10;46;8;0;48;42;5;NA;NA;NA;NA;90;NA;NA;NA;NA;NA;NA
"96";430510;2015;"MUNICIPIO";2691;0;0;2619;72;653;328;1355;308;47;1419;1272;109;1;46;45;1;2645;1;42;2;2;0;0
"97";430511;2015;"MUNICIPIO";20;0;0;20;0;2;4;11;3;0;11;9;NA;NA;NA;NA;NA;20;NA;NA;NA;NA;NA;NA
"98";430512;2015;"MUNICIPIO";61;0;0;60;1;13;8;30;10;0;34;27;NA;NA;NA;NA;NA;61;NA;NA;NA;NA;NA;NA
"99";430513;2015;"MUNICIPIO";46;0;0;46;0;11;2;23;9;1;25;21;2;NA;NA;NA;NA;46;NA;NA;NA;NA;NA;NA
"100";430515;2015;"MUNICIPIO";19;0;0;19;0;9;2;8;0;0;12;7;1;NA;NA;NA;NA;19;NA;NA;NA;NA;NA;NA
"101";430517;2015;"MUNICIPIO";64;0;0;63;1;12;6;36;9;1;31;33;5;NA;1;1;0;63;NA;1;0;0;0;0
"102";430520;2015;"MUNICIPIO";90;0;0;88;2;37;8;34;8;3;37;53;2;NA;NA;NA;NA;90;NA;NA;NA;NA;NA;NA
"103";430530;2015;"MUNICIPIO";69;0;0;67;2;16;14;28;9;2;36;33;1;NA;NA;NA;NA;69;NA;NA;NA;NA;NA;NA
"104";430535;2015;"MUNICIPIO";234;0;0;230;4;56;33;116;22;7;138;96;6;NA;1;1;0;233;NA;0;0;0;0;0
"105";430537;2015;"MUNICIPIO";25;0;0;25;0;9;2;10;4;0;10;15;1;NA;NA;NA;NA;25;NA;NA;NA;NA;NA;NA
"106";430540;2015;"MUNICIPIO";28;0;0;28;0;11;5;9;3;0;12;16;2;NA;1;1;0;27;NA;1;0;0;0;0
"107";430543;2015;"MUNICIPIO";17;0;0;15;2;5;0;11;1;0;13;4;1;NA;1;1;0;16;NA;1;0;0;0;0
"108";430544;2015;"MUNICIPIO";33;0;0;33;0;9;4;14;6;0;15;18;2;NA;NA;NA;NA;33;NA;NA;NA;NA;NA;NA
"109";430545;2015;"MUNICIPIO";130;0;0;122;8;30;12;69;15;4;81;49;5;NA;1;1;0;128;NA;1;0;0;0;0
"110";430550;2015;"MUNICIPIO";44;0;0;42;2;9;6;20;9;0;25;19;NA;NA;2;2;0;42;NA;1;0;1;0;0
"111";430558;2015;"MUNICIPIO";31;0;0;31;0;8;2;13;7;1;15;16;3;NA;NA;NA;NA;31;NA;NA;NA;NA;NA;NA
"112";430560;2015;"MUNICIPIO";26;0;0;23;3;12;3;10;1;0;15;11;1;NA;1;1;0;25;NA;1;0;0;0;0
"113";430570;2015;"MUNICIPIO";32;0;0;32;0;8;3;15;6;0;20;12;1;NA;NA;NA;NA;32;NA;NA;NA;NA;NA;NA
"114";430580;2015;"MUNICIPIO";65;0;0;65;0;15;8;35;6;1;33;32;8;NA;NA;NA;NA;65;NA;NA;NA;NA;NA;NA
"115";430583;2015;"MUNICIPIO";14;0;0;14;0;3;3;5;3;0;8;6;1;NA;NA;NA;NA;14;NA;NA;NA;NA;NA;NA
"116";430585;2015;"MUNICIPIO";29;0;0;28;1;7;4;13;5;0;17;12;1;NA;NA;NA;NA;29;NA;NA;NA;NA;NA;NA
"117";430587;2015;"MUNICIPIO";26;0;0;25;1;3;5;11;6;1;16;10;1;NA;1;1;0;25;NA;1;0;0;0;0
"118";430590;2015;"MUNICIPIO";52;0;0;52;0;19;4;22;6;1;28;24;2;NA;NA;NA;NA;52;NA;NA;NA;NA;NA;NA
"119";430593;2015;"MUNICIPIO";12;0;0;12;0;3;3;4;2;0;9;3;NA;NA;NA;NA;NA;12;NA;NA;NA;NA;NA;NA
"120";430595;2015;"MUNICIPIO";39;0;0;39;0;12;4;16;7;0;18;21;NA;NA;NA;NA;NA;39;NA;NA;NA;NA;NA;NA
"121";430597;2015;"MUNICIPIO";16;0;0;16;0;7;3;6;0;0;9;7;NA;NA;NA;NA;NA;16;NA;NA;NA;NA;NA;NA
"122";430600;2015;"MUNICIPIO";130;0;0;130;0;21;11;76;21;1;72;58;2;NA;3;3;0;127;NA;3;0;0;0;0
"123";430605;2015;"MUNICIPIO";68;0;0;64;4;15;8;40;4;1;36;32;7;NA;1;1;0;67;NA;0;0;1;0;0
"124";430607;2015;"MUNICIPIO";24;0;0;23;1;5;2;13;4;0;14;10;1;NA;NA;NA;NA;24;NA;NA;NA;NA;NA;NA
"125";430610;2015;"MUNICIPIO";531;0;0;519;12;157;57;242;55;20;285;246;23;NA;6;6;0;525;NA;6;0;0;0;0
"126";430613;2015;"MUNICIPIO";19;0;0;18;1;3;3;9;4;0;14;5;NA;NA;1;1;0;18;NA;1;0;0;0;0
"127";430620;2015;"MUNICIPIO";109;0;0;107;2;27;6;50;25;1;69;40;1;NA;1;1;0;108;NA;1;0;0;0;0
"128";430630;2015;"MUNICIPIO";32;0;0;32;0;6;2;19;5;0;14;18;5;NA;NA;NA;NA;32;NA;NA;NA;NA;NA;NA
"129";430632;2015;"MUNICIPIO";18;0;0;18;0;4;1;7;5;1;10;8;1;NA;NA;NA;NA;18;NA;NA;NA;NA;NA;NA
"130";430635;2015;"MUNICIPIO";26;0;0;26;0;10;2;10;4;0;16;10;1;NA;1;1;0;25;NA;1;0;0;0;0
"131";430637;2015;"MUNICIPIO";32;0;0;31;1;8;5;14;5;0;17;15;NA;NA;NA;NA;NA;32;NA;NA;NA;NA;NA;NA
"132";430640;2015;"MUNICIPIO";142;0;0;142;0;35;19;67;16;5;71;71;7;NA;4;4;0;138;NA;4;0;0;0;0
"133";430642;2015;"MUNICIPIO";11;0;0;11;0;3;1;5;2;0;5;6;NA;NA;NA;NA;NA;11;NA;NA;NA;NA;NA;NA
"134";430645;2015;"MUNICIPIO";34;0;0;34;0;11;3;13;7;0;19;15;NA;NA;2;2;0;32;NA;2;0;0;0;0
"135";430650;2015;"MUNICIPIO";113;0;0;106;7;36;12;51;13;1;67;45;6;NA;2;1;1;110;NA;2;0;0;0;0
"136";430655;2015;"MUNICIPIO";23;0;0;23;0;9;0;13;1;0;14;9;1;NA;NA;NA;NA;23;NA;NA;NA;NA;NA;NA
"137";430660;2015;"MUNICIPIO";363;0;0;360;3;126;50;155;20;12;194;169;15;NA;5;5;0;358;NA;5;0;0;0;0
"138";430670;2015;"MUNICIPIO";34;0;0;33;1;6;5;16;6;1;17;17;3;NA;NA;NA;NA;34;NA;NA;NA;NA;NA;NA
"139";430673;2015;"MUNICIPIO";41;0;0;40;1;10;7;16;8;0;26;15;2;NA;2;2;0;39;NA;2;0;0;0;0
"140";430675;2015;"MUNICIPIO";19;0;0;19;0;6;1;7;5;0;13;6;NA;NA;NA;NA;NA;19;NA;NA;NA;NA;NA;NA
"141";430676;2015;"MUNICIPIO";192;0;0;187;5;48;18;102;19;5;109;83;11;NA;7;7;0;185;NA;6;0;1;0;0
"142";430680;2015;"MUNICIPIO";153;0;0;152;1;43;18;70;19;3;82;71;4;NA;3;3;0;150;NA;2;0;0;0;0
"143";430690;2015;"MUNICIPIO";242;0;0;237;5;53;31;103;52;3;149;93;7;NA;1;1;0;241;NA;1;0;0;0;0
"144";430692;2015;"MUNICIPIO";11;0;0;11;0;5;2;4;0;0;7;4;NA;NA;NA;NA;NA;11;NA;NA;NA;NA;NA;NA
"145";430693;2015;"MUNICIPIO";82;0;0;81;1;18;7;41;14;2;50;32;2;NA;NA;NA;NA;82;NA;NA;NA;NA;NA;NA
"146";430695;2015;"MUNICIPIO";23;0;0;22;1;3;4;13;1;2;17;6;NA;NA;1;1;0;22;NA;1;0;0;0;0
"147";430697;2015;"MUNICIPIO";28;0;0;28;0;9;2;15;1;1;16;12;1;1;NA;NA;NA;28;1;NA;NA;NA;NA;NA
"148";430700;2015;"MUNICIPIO";637;0;0;625;12;128;71;358;70;10;322;315;23;1;9;9;0;628;NA;9;0;0;0;0
"149";430705;2015;"MUNICIPIO";15;0;0;14;1;2;4;9;0;0;9;6;NA;NA;NA;NA;NA;15;NA;NA;NA;NA;NA;NA
"150";430710;2015;"MUNICIPIO";58;0;0;57;1;13;9;27;9;0;25;33;2;NA;1;1;0;57;NA;1;0;0;0;0
"151";430720;2015;"MUNICIPIO";48;0;0;48;0;23;4;17;4;0;27;21;2;NA;NA;NA;NA;48;NA;NA;NA;NA;NA;NA
"152";430730;2015;"MUNICIPIO";65;0;0;64;1;28;10;19;8;0;27;38;3;NA;NA;NA;NA;65;NA;NA;NA;NA;NA;NA
"153";430740;2015;"MUNICIPIO";21;0;0;21;0;5;4;9;3;0;14;7;1;NA;1;1;0;20;NA;1;0;0;0;0
"154";430745;2015;"MUNICIPIO";23;0;0;23;0;6;5;9;2;1;12;11;1;NA;NA;NA;NA;23;NA;NA;NA;NA;NA;NA
"155";430750;2015;"MUNICIPIO";138;0;0;134;4;42;9;57;26;4;77;61;6;NA;3;3;0;135;NA;2;0;1;0;0
"156";430755;2015;"MUNICIPIO";45;0;0;45;0;16;4;21;4;0;25;20;1;NA;1;1;0;44;NA;1;0;0;0;0
"157";430760;2015;"MUNICIPIO";243;0;0;239;4;60;26;122;33;2;135;108;11;NA;2;2;0;241;NA;2;0;0;0;0
"158";430770;2015;"MUNICIPIO";532;0;0;516;16;128;55;263;67;19;280;252;17;NA;8;8;0;524;NA;6;0;1;0;0
"159";430780;2015;"MUNICIPIO";251;0;0;241;10;70;29;111;38;3;129;122;8;NA;5;5;0;246;NA;3;1;1;0;0
"160";430781;2015;"MUNICIPIO";23;0;0;23;0;8;5;8;2;0;17;6;NA;NA;NA;NA;NA;23;NA;NA;NA;NA;NA;NA
"161";430783;2015;"MUNICIPIO";19;0;0;18;1;5;1;10;2;1;11;8;2;NA;NA;NA;NA;19;NA;NA;NA;NA;NA;NA
"162";430786;2015;"MUNICIPIO";17;0;0;17;0;4;2;10;1;0;9;8;1;NA;2;2;0;15;NA;2;0;0;0;0
"163";430790;2015;"MUNICIPIO";391;0;0;381;10;99;59;175;48;10;201;190;19;2;1;1;0;390;1;1;0;0;0;0
"164";430800;2015;"MUNICIPIO";53;0;0;52;1;25;6;18;2;2;34;19;3;NA;NA;NA;NA;53;NA;NA;NA;NA;NA;NA
"165";430805;2015;"MUNICIPIO";17;0;0;17;0;3;1;10;2;1;8;9;1;NA;NA;NA;NA;17;NA;NA;NA;NA;NA;NA
"166";430807;2015;"MUNICIPIO";31;0;0;31;0;11;4;10;5;1;17;14;2;NA;NA;NA;NA;31;NA;NA;NA;NA;NA;NA
"167";430810;2015;"MUNICIPIO";88;0;0;86;2;27;8;36;15;2;54;34;1;NA;NA;NA;NA;88;NA;NA;NA;NA;NA;NA
"168";430820;2015;"MUNICIPIO";158;0;0;152;6;45;15;75;21;2;99;59;3;NA;1;1;0;157;NA;1;0;0;0;0
"169";430825;2015;"MUNICIPIO";18;0;0;18;0;5;3;6;4;0;11;7;NA;NA;NA;NA;NA;18;NA;NA;NA;NA;NA;NA
"170";430830;2015;"MUNICIPIO";74;0;0;70;4;20;4;35;15;0;39;35;3;NA;2;2;0;72;NA;2;0;0;0;0
"171";430840;2015;"MUNICIPIO";67;0;0;66;1;25;5;30;5;2;40;27;NA;NA;NA;NA;NA;67;NA;NA;NA;NA;NA;NA
"172";430843;2015;"MUNICIPIO";35;0;0;34;1;8;2;19;6;0;17;18;1;NA;NA;NA;NA;35;NA;NA;NA;NA;NA;NA
"173";430845;2015;"MUNICIPIO";18;0;0;17;1;2;2;13;1;0;12;6;1;NA;NA;NA;NA;18;NA;NA;NA;NA;NA;NA
"174";430850;2015;"MUNICIPIO";185;0;0;180;5;48;24;80;32;1;89;96;7;NA;2;2;0;183;NA;2;0;0;0;0
"175";430860;2015;"MUNICIPIO";177;0;0;173;4;52;20;77;26;2;110;67;6;NA;3;3;0;174;NA;3;0;0;0;0
"176";430865;2015;"MUNICIPIO";12;0;0;12;0;5;2;4;1;0;8;4;1;NA;NA;NA;NA;12;NA;NA;NA;NA;NA;NA
"177";430870;2015;"MUNICIPIO";50;0;0;49;1;14;6;27;2;1;28;22;2;NA;NA;NA;NA;50;NA;NA;NA;NA;NA;NA
"178";430880;2015;"MUNICIPIO";67;0;0;65;2;18;7;28;13;1;39;28;1;NA;NA;NA;NA;67;NA;NA;NA;NA;NA;NA
"179";430885;2015;"MUNICIPIO";15;0;0;14;1;1;3;9;2;0;9;6;2;NA;NA;NA;NA;15;NA;NA;NA;NA;NA;NA
"180";430890;2015;"MUNICIPIO";135;0;0;133;2;41;13;65;15;1;76;59;1;NA;NA;NA;NA;135;NA;NA;NA;NA;NA;NA
"181";430900;2015;"MUNICIPIO";134;0;0;127;7;42;12;56;22;2;64;70;6;NA;3;3;0;131;NA;3;0;0;0;0
"182";430905;2015;"MUNICIPIO";59;0;0;58;1;20;4;29;5;1;38;21;1;NA;NA;NA;NA;58;NA;NA;NA;NA;NA;NA
"183";430910;2015;"MUNICIPIO";230;0;0;228;2;66;22;109;30;3;110;120;5;NA;5;5;0;225;NA;5;0;0;0;0
"184";430912;2015;"MUNICIPIO";12;0;0;12;0;2;3;6;1;0;7;5;3;NA;NA;NA;NA;12;NA;NA;NA;NA;NA;NA
"185";430915;2015;"MUNICIPIO";16;0;0;15;1;2;4;9;1;0;10;6;NA;NA;NA;NA;NA;16;NA;NA;NA;NA;NA;NA
"186";430920;2015;"MUNICIPIO";1707;0;0;1662;45;459;161;816;215;56;908;799;92;1;19;19;0;1687;1;19;0;0;0;0
"187";430925;2015;"MUNICIPIO";12;0;0;12;0;4;2;4;2;0;7;5;NA;NA;NA;NA;NA;12;NA;NA;NA;NA;NA;NA
"188";430930;2015;"MUNICIPIO";737;0;0;717;20;178;70;378;88;23;428;308;38;NA;6;5;1;730;NA;4;0;0;0;0
"189";430940;2015;"MUNICIPIO";155;0;0;151;4;51;21;68;14;1;85;70;7;NA;3;3;0;152;NA;1;0;2;0;0
"190";430950;2015;"MUNICIPIO";71;0;0;70;1;36;4;18;9;4;34;37;2;NA;NA;NA;NA;71;NA;NA;NA;NA;NA;NA
"191";430955;2015;"MUNICIPIO";30;0;0;30;0;5;1;16;8;0;11;19;2;NA;NA;NA;NA;30;NA;NA;NA;NA;NA;NA
"192";430957;2015;"MUNICIPIO";16;0;0;16;0;5;2;8;0;1;11;5;NA;NA;NA;NA;NA;16;NA;NA;NA;NA;NA;NA
"193";430960;2015;"MUNICIPIO";140;0;0;136;4;48;16;58;17;1;77;63;9;NA;NA;NA;NA;140;NA;NA;NA;NA;NA;NA
"194";430965;2015;"MUNICIPIO";34;0;0;34;0;13;4;12;3;2;20;14;2;NA;NA;NA;NA;34;NA;NA;NA;NA;NA;NA
"195";430970;2015;"MUNICIPIO";39;0;0;38;1;10;5;19;5;0;22;17;NA;NA;NA;NA;NA;39;NA;NA;NA;NA;NA;NA
"196";430975;2015;"MUNICIPIO";26;0;0;26;0;8;4;12;1;1;15;11;2;NA;NA;NA;NA;26;NA;NA;NA;NA;NA;NA
"197";430980;2015;"MUNICIPIO";50;0;0;47;3;15;6;22;5;2;28;22;1;NA;NA;NA;NA;50;NA;NA;NA;NA;NA;NA
"198";430990;2015;"MUNICIPIO";53;0;0;53;0;14;8;24;7;0;32;21;3;NA;2;2;0;51;NA;2;0;0;0;0
"199";430995;2015;"MUNICIPIO";33;0;0;33;0;10;2;15;5;1;25;8;NA;NA;NA;NA;NA;33;NA;NA;NA;NA;NA;NA
"200";431000;2015;"MUNICIPIO";139;0;0;134;5;47;16;55;13;8;65;74;4;NA;2;2;0;137;NA;1;0;0;0;0
"201";431010;2015;"MUNICIPIO";209;0;0;206;3;52;26;100;22;9;113;96;5;NA;3;3;0;206;NA;3;0;0;0;0
"202";431020;2015;"MUNICIPIO";515;0;0;503;12;153;69;241;48;4;282;233;20;1;12;12;0;503;1;12;0;0;0;0
"203";431030;2015;"MUNICIPIO";25;0;0;25;0;2;6;13;4;0;13;12;1;NA;NA;NA;NA;25;NA;NA;NA;NA;NA;NA
"204";431033;2015;"MUNICIPIO";188;0;0;181;7;52;19;94;21;2;108;80;4;NA;1;1;0;187;NA;1;0;0;0;0
"205";431036;2015;"MUNICIPIO";34;0;0;34;0;8;3;15;8;0;22;12;1;NA;NA;NA;NA;34;NA;NA;NA;NA;NA;NA
"206";431040;2015;"MUNICIPIO";59;0;0;57;2;25;5;22;7;0;34;25;1;NA;NA;NA;NA;59;NA;NA;NA;NA;NA;NA
"207";431041;2015;"MUNICIPIO";10;0;0;9;1;2;2;5;1;0;3;7;NA;NA;NA;NA;NA;10;NA;NA;NA;NA;NA;NA
"208";431043;2015;"MUNICIPIO";42;0;0;41;1;13;3;18;8;0;25;17;NA;NA;1;1;0;41;NA;1;0;0;0;0
"209";431046;2015;"MUNICIPIO";21;0;0;21;0;8;2;8;3;0;10;11;1;NA;NA;NA;NA;21;NA;NA;NA;NA;NA;NA
"210";431050;2015;"MUNICIPIO";68;0;0;66;2;26;0;29;10;3;43;25;4;NA;1;0;1;67;NA;1;0;0;0;0
"211";431053;2015;"MUNICIPIO";36;0;0;35;1;11;4;19;1;1;20;16;NA;NA;NA;NA;NA;36;NA;NA;NA;NA;NA;NA
"212";431055;2015;"MUNICIPIO";24;0;0;24;0;9;3;8;4;0;18;6;NA;NA;NA;NA;NA;24;NA;NA;NA;NA;NA;NA
"213";431057;2015;"MUNICIPIO";11;0;0;10;1;4;0;6;1;0;6;5;NA;NA;NA;NA;NA;11;NA;NA;NA;NA;NA;NA
"214";431060;2015;"MUNICIPIO";296;0;0;294;2;77;31;159;25;4;154;142;13;NA;6;6;0;290;NA;4;1;0;0;0
"215";431065;2015;"MUNICIPIO";16;0;0;16;0;7;1;8;0;0;10;6;1;NA;NA;NA;NA;16;NA;NA;NA;NA;NA;NA
"216";431070;2015;"MUNICIPIO";30;0;0;30;0;6;4;17;1;2;16;14;1;NA;NA;NA;NA;30;NA;NA;NA;NA;NA;NA
"217";431075;2015;"MUNICIPIO";18;0;0;18;0;11;2;5;0;0;10;8;NA;NA;NA;NA;NA;18;NA;NA;NA;NA;NA;NA
"218";431080;2015;"MUNICIPIO";143;0;0;143;0;44;12;62;23;2;80;63;5;NA;1;1;0;142;NA;1;0;0;0;0
"219";431085;2015;"MUNICIPIO";25;0;0;25;0;8;3;13;0;1;14;11;NA;NA;2;2;0;23;NA;2;0;0;0;0
"220";431087;2015;"MUNICIPIO";19;0;0;18;1;4;1;9;4;1;11;8;1;NA;NA;NA;NA;19;NA;NA;NA;NA;NA;NA
"221";431090;2015;"MUNICIPIO";25;0;0;24;1;12;0;10;3;0;13;12;NA;NA;NA;NA;NA;25;NA;NA;NA;NA;NA;NA
"222";431100;2015;"MUNICIPIO";255;0;0;252;3;84;31;107;31;2;140;115;11;NA;1;1;0;254;NA;1;0;0;0;0
"223";431110;2015;"MUNICIPIO";105;0;0;103;2;30;14;46;14;1;59;46;3;NA;2;2;0;103;NA;2;0;0;0;0
"224";431112;2015;"MUNICIPIO";34;0;0;34;0;9;7;12;6;0;18;16;3;NA;1;1;0;33;NA;1;0;0;0;0
"225";431113;2015;"MUNICIPIO";23;0;0;22;1;7;1;14;1;0;17;6;NA;NA;NA;NA;NA;23;NA;NA;NA;NA;NA;NA
"226";431115;2015;"MUNICIPIO";48;0;0;47;1;10;10;24;4;0;25;23;2;NA;NA;NA;NA;48;NA;NA;NA;NA;NA;NA
"227";431120;2015;"MUNICIPIO";155;0;0;150;5;26;20;76;30;3;86;69;7;NA;NA;NA;NA;155;NA;NA;NA;NA;NA;NA
"228";431123;2015;"MUNICIPIO";23;0;0;22;1;11;3;8;1;0;14;9;1;NA;1;1;0;22;NA;1;0;0;0;0
"229";431125;2015;"MUNICIPIO";42;0;0;42;0;13;4;22;3;0;28;14;1;NA;NA;NA;NA;42;NA;NA;NA;NA;NA;NA
"230";431127;2015;"MUNICIPIO";14;0;0;14;0;2;5;5;2;0;8;6;1;NA;NA;NA;NA;14;NA;NA;NA;NA;NA;NA
"231";431130;2015;"MUNICIPIO";212;0;0;206;6;47;30;99;34;2;127;85;10;NA;5;3;2;206;NA;3;0;1;0;0
"232";431140;2015;"MUNICIPIO";482;0;0;468;14;126;68;231;52;5;272;210;16;NA;8;8;0;474;NA;8;0;0;0;0
"233";431142;2015;"MUNICIPIO";21;0;0;21;0;6;2;9;3;1;11;10;3;NA;NA;NA;NA;21;NA;NA;NA;NA;NA;NA
"234";431150;2015;"MUNICIPIO";65;0;0;65;0;31;5;22;6;1;32;33;3;NA;1;1;0;64;NA;1;0;0;0;0
"235";431160;2015;"MUNICIPIO";41;0;0;41;0;6;3;22;8;2;19;22;1;NA;NA;NA;NA;41;NA;NA;NA;NA;NA;NA
"236";431162;2015;"MUNICIPIO";32;0;0;31;1;8;3;14;7;0;21;11;1;NA;1;1;0;31;NA;0;0;0;0;0
"237";431164;2015;"MUNICIPIO";9;0;0;9;0;3;1;4;1;0;4;5;NA;NA;NA;NA;NA;9;NA;NA;NA;NA;NA;NA
"238";431170;2015;"MUNICIPIO";43;0;0;42;1;8;3;28;4;0;23;20;NA;NA;2;2;0;41;NA;2;0;0;0;0
"239";431171;2015;"MUNICIPIO";16;0;0;14;2;4;3;8;1;0;8;8;NA;NA;NA;NA;NA;16;NA;NA;NA;NA;NA;NA
"240";431173;2015;"MUNICIPIO";20;0;0;19;1;6;3;10;1;0;13;7;1;NA;NA;NA;NA;20;NA;NA;NA;NA;NA;NA
"241";431175;2015;"MUNICIPIO";46;0;0;45;1;9;3;28;5;1;27;19;1;NA;2;2;0;44;NA;2;0;0;0;0
"242";431177;2015;"MUNICIPIO";70;0;0;69;1;22;10;35;3;0;38;32;3;NA;2;1;1;68;NA;2;0;0;0;0
"243";431179;2015;"MUNICIPIO";22;0;0;22;0;8;1;8;3;2;11;11;NA;NA;NA;NA;NA;22;NA;NA;NA;NA;NA;NA
"244";431180;2015;"MUNICIPIO";214;0;0;209;5;53;26;102;33;0;104;110;9;NA;7;7;0;207;NA;5;0;1;0;0
"245";431190;2015;"MUNICIPIO";34;0;0;34;0;11;2;18;3;0;13;21;2;NA;NA;NA;NA;34;NA;NA;NA;NA;NA;NA
"246";431198;2015;"MUNICIPIO";34;0;0;34;0;8;8;14;4;0;22;12;2;NA;NA;NA;NA;34;NA;NA;NA;NA;NA;NA
"247";431200;2015;"MUNICIPIO";18;0;0;16;2;4;3;6;5;0;8;10;1;NA;NA;NA;NA;18;NA;NA;NA;NA;NA;NA
"248";431205;2015;"MUNICIPIO";57;0;0;57;0;15;6;27;9;0;28;29;NA;NA;1;1;0;56;NA;1;0;0;0;0
"249";431210;2015;"MUNICIPIO";53;0;0;53;0;22;8;21;2;0;29;24;NA;NA;NA;NA;NA;53;NA;NA;NA;NA;NA;NA
"250";431213;2015;"MUNICIPIO";21;0;0;21;0;7;0;9;5;0;14;7;NA;NA;NA;NA;NA;21;NA;NA;NA;NA;NA;NA
"251";431215;2015;"MUNICIPIO";38;0;0;37;1;8;4;15;10;1;20;18;3;NA;1;1;0;37;NA;1;0;0;0;0
"252";431217;2015;"MUNICIPIO";15;0;0;14;1;4;1;5;4;1;9;6;1;NA;NA;NA;NA;15;NA;NA;NA;NA;NA;NA
"253";431220;2015;"MUNICIPIO";40;0;0;38;2;12;4;18;4;2;23;17;1;NA;NA;NA;NA;40;NA;NA;NA;NA;NA;NA
"254";431225;2015;"MUNICIPIO";65;0;0;64;1;16;4;33;8;4;44;21;2;NA;1;1;0;64;NA;0;0;1;0;0
"255";431230;2015;"MUNICIPIO";28;0;0;28;0;10;2;13;3;0;13;15;NA;NA;NA;NA;NA;28;NA;NA;NA;NA;NA;NA
"256";431235;2015;"MUNICIPIO";8;0;0;8;0;2;1;2;2;1;4;4;1;NA;NA;NA;NA;8;NA;NA;NA;NA;NA;NA
"257";431237;2015;"MUNICIPIO";22;0;0;21;1;8;2;10;2;0;14;8;1;NA;NA;NA;NA;22;NA;NA;NA;NA;NA;NA
"258";431238;2015;"MUNICIPIO";20;0;0;20;0;4;4;8;3;1;11;9;NA;NA;NA;NA;NA;20;NA;NA;NA;NA;NA;NA
"259";431240;2015;"MUNICIPIO";475;0;0;465;10;113;57;232;63;10;254;221;29;2;12;12;0;463;1;9;2;1;0;0
"260";431242;2015;"MUNICIPIO";14;0;0;14;0;1;5;6;2;0;10;4;NA;NA;NA;NA;NA;14;NA;NA;NA;NA;NA;NA
"261";431244;2015;"MUNICIPIO";26;0;0;24;2;10;1;12;3;0;16;10;1;NA;NA;NA;NA;26;NA;NA;NA;NA;NA;NA
"262";431245;2015;"MUNICIPIO";63;0;0;61;2;24;10;19;8;2;41;22;2;NA;NA;NA;NA;63;NA;NA;NA;NA;NA;NA
"263";431247;2015;"MUNICIPIO";34;0;0;32;2;7;5;18;4;0;20;14;2;NA;1;1;0;33;NA;1;0;0;0;0
"264";431250;2015;"MUNICIPIO";83;0;0;82;1;24;8;38;10;3;45;38;6;NA;NA;NA;NA;83;NA;NA;NA;NA;NA;NA
"265";431260;2015;"MUNICIPIO";52;0;0;52;0;22;3;19;8;0;28;24;NA;NA;NA;NA;NA;52;NA;NA;NA;NA;NA;NA
"266";431261;2015;"MUNICIPIO";18;0;0;17;1;4;3;10;1;0;9;9;2;NA;NA;NA;NA;18;NA;NA;NA;NA;NA;NA
"267";431262;2015;"MUNICIPIO";11;0;0;11;0;3;1;6;1;0;9;2;NA;NA;NA;NA;NA;11;NA;NA;NA;NA;NA;NA
"268";431265;2015;"MUNICIPIO";130;0;0;129;1;50;6;53;20;1;56;74;3;NA;4;4;0;126;NA;4;0;0;0;0
"269";431267;2015;"MUNICIPIO";14;0;0;14;0;4;0;7;3;0;8;6;NA;NA;NA;NA;NA;14;NA;NA;NA;NA;NA;NA
"270";431270;2015;"MUNICIPIO";91;0;0;88;3;32;6;45;7;1;49;42;6;NA;5;5;0;86;NA;3;0;0;1;0
"271";431275;2015;"MUNICIPIO";12;0;0;11;1;5;0;5;2;0;7;5;NA;NA;NA;NA;NA;12;NA;NA;NA;NA;NA;NA
"272";431280;2015;"MUNICIPIO";21;0;0;21;0;2;4;11;4;0;12;9;NA;NA;NA;NA;NA;21;NA;NA;NA;NA;NA;NA
"273";431290;2015;"MUNICIPIO";62;0;0;60;2;20;8;26;7;1;28;34;2;NA;NA;NA;NA;62;NA;NA;NA;NA;NA;NA
"274";431295;2015;"MUNICIPIO";13;0;0;13;0;4;0;6;3;0;8;5;NA;NA;NA;NA;NA;13;NA;NA;NA;NA;NA;NA
"275";431300;2015;"MUNICIPIO";34;0;0;34;0;15;4;14;1;0;21;13;NA;NA;NA;NA;NA;34;NA;NA;NA;NA;NA;NA
"276";431301;2015;"MUNICIPIO";21;0;0;21;0;10;0;5;6;0;13;8;NA;NA;NA;NA;NA;21;NA;NA;NA;NA;NA;NA
"277";431303;2015;"MUNICIPIO";34;0;0;33;1;11;4;11;8;0;20;14;1;NA;NA;NA;NA;34;NA;NA;NA;NA;NA;NA
"278";431306;2015;"MUNICIPIO";91;0;0;90;1;22;3;52;13;1;37;54;8;NA;1;1;0;90;NA;1;0;0;0;0
"279";431308;2015;"MUNICIPIO";10;0;0;9;1;3;1;3;3;0;6;4;NA;NA;NA;NA;NA;10;NA;NA;NA;NA;NA;NA
"280";431310;2015;"MUNICIPIO";53;0;0;53;0;21;9;19;4;0;37;16;NA;NA;NA;NA;NA;53;NA;NA;NA;NA;NA;NA
"281";431320;2015;"MUNICIPIO";149;0;0;144;5;48;20;55;26;0;77;72;5;NA;1;1;0;148;NA;1;0;0;0;0
"282";431330;2015;"MUNICIPIO";157;0;0;154;3;33;23;81;17;3;91;66;13;NA;1;1;0;156;NA;1;0;0;0;0
"283";431333;2015;"MUNICIPIO";20;0;0;20;0;9;2;8;1;0;9;11;NA;NA;1;1;0;19;NA;1;0;0;0;0
"284";431335;2015;"MUNICIPIO";25;0;0;25;0;3;4;15;2;1;12;13;NA;NA;1;1;0;24;NA;1;0;0;0;0
"285";431337;2015;"MUNICIPIO";154;0;0;144;10;31;12;86;19;6;97;57;12;NA;2;2;0;152;NA;2;0;0;0;0
"286";431339;2015;"MUNICIPIO";33;0;0;33;0;9;8;13;3;0;13;20;2;NA;NA;NA;NA;33;NA;NA;NA;NA;NA;NA
"287";431340;2015;"MUNICIPIO";1710;0;0;1672;38;405;181;835;240;49;929;781;82;NA;27;27;0;1682;NA;26;0;1;0;0
"288";431342;2015;"MUNICIPIO";37;0;0;36;1;18;5;10;4;0;21;16;NA;NA;NA;NA;NA;37;NA;NA;NA;NA;NA;NA
"289";431344;2015;"MUNICIPIO";19;0;0;19;0;7;2;9;1;0;9;10;1;NA;NA;NA;NA;19;NA;NA;NA;NA;NA;NA
"290";431346;2015;"MUNICIPIO";13;0;0;13;0;6;1;5;1;0;7;6;NA;NA;NA;NA;NA;13;NA;NA;NA;NA;NA;NA
"291";431349;2015;"MUNICIPIO";25;0;0;25;0;10;1;11;3;0;10;15;2;NA;1;1;0;24;NA;1;0;0;0;0
"292";431350;2015;"MUNICIPIO";357;0;0;344;13;92;33;185;42;5;202;155;11;NA;8;8;0;348;NA;8;0;0;0;0
"293";431360;2015;"MUNICIPIO";30;0;0;28;2;13;4;11;2;0;16;14;NA;NA;NA;NA;NA;30;NA;NA;NA;NA;NA;NA
"294";431365;2015;"MUNICIPIO";89;0;0;88;1;27;9;45;7;1;56;33;2;NA;3;3;0;86;NA;2;0;1;0;0
"295";431370;2015;"MUNICIPIO";218;0;0;212;6;55;21;108;29;5;104;114;9;NA;3;3;0;215;NA;3;0;0;0;0
"296";431380;2015;"MUNICIPIO";52;0;0;51;1;15;3;25;9;0;30;22;2;NA;1;1;0;51;NA;1;0;0;0;0
"297";431390;2015;"MUNICIPIO";246;0;0;243;3;61;26;136;21;2;144;102;8;NA;1;1;0;245;NA;1;0;0;0;0
"298";431395;2015;"MUNICIPIO";100;0;0;97;3;38;12;44;4;2;52;48;10;NA;NA;NA;NA;100;NA;NA;NA;NA;NA;NA
"299";431400;2015;"MUNICIPIO";42;0;0;42;0;16;6;15;5;0;21;21;1;NA;NA;NA;NA;42;NA;NA;NA;NA;NA;NA
"300";431402;2015;"MUNICIPIO";69;0;0;69;0;13;9;41;4;2;41;28;4;NA;2;2;0;67;NA;2;0;0;0;0
"301";431403;2015;"MUNICIPIO";31;0;0;31;0;11;3;10;6;1;16;15;2;NA;NA;NA;NA;31;NA;NA;NA;NA;NA;NA
"302";431405;2015;"MUNICIPIO";341;0;0;331;10;84;32;180;40;5;180;161;22;NA;9;9;0;332;NA;9;0;0;0;0
"303";431406;2015;"MUNICIPIO";36;0;0;36;0;11;6;14;5;0;23;13;NA;NA;1;1;0;35;NA;1;0;0;0;0
"304";431407;2015;"MUNICIPIO";45;0;0;44;1;13;6;14;11;1;25;20;3;NA;NA;NA;NA;45;NA;NA;NA;NA;NA;NA
"305";431410;2015;"MUNICIPIO";1372;0;0;1328;44;314;167;674;185;32;747;625;69;NA;18;18;0;1354;NA;17;1;0;0;0
"306";431413;2015;"MUNICIPIO";15;0;0;15;0;6;1;7;0;1;8;7;NA;NA;NA;NA;NA;15;NA;NA;NA;NA;NA;NA
"307";431415;2015;"MUNICIPIO";63;0;0;63;0;18;7;27;10;1;35;28;1;NA;NA;NA;NA;63;NA;NA;NA;NA;NA;NA
"308";431417;2015;"MUNICIPIO";11;0;0;11;0;4;0;5;2;0;9;2;NA;NA;1;1;0;10;NA;0;0;0;0;0
"309";431420;2015;"MUNICIPIO";78;0;0;75;3;16;14;36;11;1;42;36;2;NA;2;2;0;76;NA;0;2;0;0;0
"310";431430;2015;"MUNICIPIO";27;0;0;27;0;11;3;10;2;1;13;14;1;NA;NA;NA;NA;27;NA;NA;NA;NA;NA;NA
"311";431440;2015;"MUNICIPIO";3203;0;0;3141;62;780;339;1590;448;46;1651;1552;121;5;46;46;0;3152;5;30;6;7;0;0
"312";431442;2015;"MUNICIPIO";41;0;0;39;2;8;2;25;6;0;26;15;NA;NA;NA;NA;NA;41;NA;NA;NA;NA;NA;NA
"313";431445;2015;"MUNICIPIO";9;0;0;9;0;3;1;5;0;0;5;4;NA;NA;NA;NA;NA;9;NA;NA;NA;NA;NA;NA
"314";431446;2015;"MUNICIPIO";12;0;0;12;0;5;2;4;0;1;7;5;1;NA;NA;NA;NA;12;NA;NA;NA;NA;NA;NA
"315";431447;2015;"MUNICIPIO";27;0;0;27;0;3;6;13;5;0;16;11;NA;NA;NA;NA;NA;27;NA;NA;NA;NA;NA;NA
"316";431449;2015;"MUNICIPIO";37;0;0;35;2;13;4;12;8;0;27;10;NA;NA;NA;NA;NA;37;NA;NA;NA;NA;NA;NA
"317";431450;2015;"MUNICIPIO";149;0;0;147;2;58;12;60;18;1;80;69;3;NA;3;3;0;146;NA;1;0;1;0;0
"318";431454;2015;"MUNICIPIO";15;0;0;15;0;4;2;7;2;0;7;8;NA;NA;NA;NA;NA;15;NA;NA;NA;NA;NA;NA
"319";431455;2015;"MUNICIPIO";19;0;0;19;0;8;0;6;4;1;10;9;NA;NA;NA;NA;NA;19;NA;NA;NA;NA;NA;NA
"320";431460;2015;"MUNICIPIO";185;0;0;184;1;59;19;80;27;0;85;100;4;NA;4;4;0;181;NA;4;0;0;0;0
"321";431470;2015;"MUNICIPIO";86;0;0;82;4;20;4;44;17;1;51;35;2;NA;2;2;0;84;NA;2;0;0;0;0
"322";431475;2015;"MUNICIPIO";16;0;0;16;0;4;1;8;3;0;9;7;1;NA;1;1;0;15;NA;0;0;0;0;0
"323";431477;2015;"MUNICIPIO";22;0;0;22;0;7;3;7;5;0;12;10;1;NA;1;1;0;21;NA;1;0;0;0;0
"324";431478;2015;"MUNICIPIO";18;0;0;18;0;4;1;10;3;0;10;8;NA;NA;NA;NA;NA;18;NA;NA;NA;NA;NA;NA
"325";431480;2015;"MUNICIPIO";224;0;0;214;10;55;27;116;22;4;131;93;19;NA;1;1;0;223;NA;1;0;0;0;0
"326";431490;2015;"MUNICIPIO";11328;0;0;11019;309;2996;1462;5602;942;326;5798;5529;453;2;126;123;3;11183;2;101;13;8;0;0
"327";431500;2015;"MUNICIPIO";40;0;0;39;1;15;7;14;3;1;18;22;1;NA;NA;NA;NA;40;NA;NA;NA;NA;NA;NA
"328";431505;2015;"MUNICIPIO";23;0;0;23;0;7;6;7;2;1;12;11;NA;NA;NA;NA;NA;23;NA;NA;NA;NA;NA;NA
"329";431507;2015;"MUNICIPIO";15;0;0;14;1;6;0;8;1;0;9;6;NA;NA;NA;NA;NA;15;NA;NA;NA;NA;NA;NA
"330";431510;2015;"MUNICIPIO";108;0;0;105;3;41;12;43;9;3;70;38;5;NA;1;1;0;107;NA;1;0;0;0;0
"331";431513;2015;"MUNICIPIO";19;0;0;19;0;8;4;6;1;0;11;8;1;NA;NA;NA;NA;19;NA;NA;NA;NA;NA;NA
"332";431514;2015;"MUNICIPIO";26;0;0;26;0;7;3;9;7;0;12;14;NA;NA;NA;NA;NA;26;NA;NA;NA;NA;NA;NA
"333";431515;2015;"MUNICIPIO";58;0;0;58;0;23;5;23;6;1;33;25;4;NA;NA;NA;NA;58;NA;NA;NA;NA;NA;NA
"334";431517;2015;"MUNICIPIO";14;0;0;13;1;3;1;8;2;0;10;4;NA;NA;NA;NA;NA;14;NA;NA;NA;NA;NA;NA
"335";431520;2015;"MUNICIPIO";43;0;0;43;0;18;3;19;3;0;26;17;NA;NA;NA;NA;NA;43;NA;NA;NA;NA;NA;NA
"336";431530;2015;"MUNICIPIO";212;0;0;207;5;61;21;93;35;2;101;111;11;NA;3;3;0;209;NA;3;0;0;0;0
"337";431531;2015;"MUNICIPIO";12;0;0;12;0;4;0;8;0;0;6;6;1;NA;NA;NA;NA;12;NA;NA;NA;NA;NA;NA
"338";431532;2015;"MUNICIPIO";15;0;0;15;0;2;5;8;0;0;12;3;NA;NA;NA;NA;NA;15;NA;NA;NA;NA;NA;NA
"339";431535;2015;"MUNICIPIO";43;0;0;43;0;11;8;17;6;1;24;19;1;NA;1;1;0;42;NA;1;0;0;0;0
"340";431540;2015;"MUNICIPIO";54;0;0;50;4;17;4;27;6;0;28;26;3;NA;NA;NA;NA;54;NA;NA;NA;NA;NA;NA
"341";431545;2015;"MUNICIPIO";19;0;0;19;0;3;4;8;4;0;7;12;NA;NA;NA;NA;NA;19;NA;NA;NA;NA;NA;NA
"342";431550;2015;"MUNICIPIO";133;0;0;130;3;38;11;55;27;2;83;50;2;NA;NA;NA;NA;133;NA;NA;NA;NA;NA;NA
"343";431555;2015;"MUNICIPIO";22;0;0;20;2;8;2;10;2;0;17;5;NA;NA;NA;NA;NA;22;NA;NA;NA;NA;NA;NA
"344";431560;2015;"MUNICIPIO";1771;0;0;1734;37;404;193;882;228;64;923;848;75;NA;28;27;1;1742;NA;23;1;4;0;0
"345";431570;2015;"MUNICIPIO";313;0;0;307;6;102;31;145;32;3;148;165;12;NA;6;6;0;307;NA;6;0;0;0;0
"346";431575;2015;"MUNICIPIO";32;0;0;31;1;10;1;14;6;1;18;14;NA;NA;NA;NA;NA;32;NA;NA;NA;NA;NA;NA
"347";431580;2015;"MUNICIPIO";90;0;0;88;2;27;13;41;9;0;53;37;2;NA;NA;NA;NA;90;NA;NA;NA;NA;NA;NA
"348";431590;2015;"MUNICIPIO";31;0;0;31;0;7;8;14;2;0;18;13;2;NA;NA;NA;NA;31;NA;NA;NA;NA;NA;NA
"349";431595;2015;"MUNICIPIO";19;0;0;19;0;7;3;8;1;0;9;10;1;NA;NA;NA;NA;19;NA;NA;NA;NA;NA;NA
"350";431600;2015;"MUNICIPIO";166;0;0;161;5;43;26;71;24;2;92;74;7;NA;2;2;0;164;NA;2;0;0;0;0
"351";431610;2015;"MUNICIPIO";63;0;0;60;3;22;5;25;11;0;37;26;3;NA;1;1;0;62;NA;1;0;0;0;0
"352";431620;2015;"MUNICIPIO";48;0;0;48;0;11;8;22;6;1;26;22;1;NA;NA;NA;NA;48;NA;NA;NA;NA;NA;NA
"353";431630;2015;"MUNICIPIO";62;0;0;62;0;18;8;27;9;0;37;25;1;NA;1;1;0;61;NA;1;0;0;0;0
"354";431640;2015;"MUNICIPIO";364;0;0;360;4;100;48;149;54;13;193;171;9;NA;4;4;0;360;NA;4;0;0;0;0
"355";431642;2015;"MUNICIPIO";18;0;0;17;1;3;3;11;1;0;13;5;1;NA;NA;NA;NA;18;NA;NA;NA;NA;NA;NA
"356";431643;2015;"MUNICIPIO";27;0;0;27;0;6;4;9;8;0;14;13;NA;NA;NA;NA;NA;27;NA;NA;NA;NA;NA;NA
"357";431645;2015;"MUNICIPIO";84;0;0;82;2;30;15;30;8;1;56;28;5;NA;2;2;0;82;NA;1;0;1;0;0
"358";431647;2015;"MUNICIPIO";19;0;0;17;2;2;3;11;3;0;15;4;NA;NA;NA;NA;NA;19;NA;NA;NA;NA;NA;NA
"359";431650;2015;"MUNICIPIO";39;0;0;39;0;10;3;18;8;0;24;15;NA;NA;NA;NA;NA;39;NA;NA;NA;NA;NA;NA
"360";431660;2015;"MUNICIPIO";130;0;0;130;0;32;17;54;27;0;71;59;3;NA;NA;NA;NA;130;NA;NA;NA;NA;NA;NA
"361";431670;2015;"MUNICIPIO";74;0;0;73;1;18;4;36;14;2;48;26;2;NA;1;1;0;73;NA;1;0;0;0;0
"362";431673;2015;"MUNICIPIO";10;0;0;9;1;3;3;4;0;0;7;3;NA;NA;NA;NA;NA;10;NA;NA;NA;NA;NA;NA
"363";431675;2015;"MUNICIPIO";39;0;0;38;1;15;2;19;3;0;20;19;NA;NA;1;1;0;38;NA;0;0;0;0;0
"364";431680;2015;"MUNICIPIO";906;0;0;894;12;310;126;358;91;21;473;433;42;NA;7;7;0;898;NA;6;0;1;0;0
"365";431690;2015;"MUNICIPIO";1962;0;0;1923;39;591;236;861;223;51;1016;946;96;3;21;20;1;1939;3;19;1;1;0;0
"366";431695;2015;"MUNICIPIO";37;0;0;36;1;6;4;15;10;2;21;16;1;NA;NA;NA;NA;37;NA;NA;NA;NA;NA;NA
"367";431697;2015;"MUNICIPIO";18;0;0;18;0;3;3;8;3;1;9;9;NA;NA;1;1;0;17;NA;1;0;0;0;0
"368";431700;2015;"MUNICIPIO";69;0;0;67;2;26;7;26;10;0;32;37;1;NA;3;3;0;66;NA;1;1;0;0;0
"369";431710;2015;"MUNICIPIO";732;0;0;721;11;228;82;306;95;21;386;346;42;NA;3;3;0;729;NA;2;0;1;0;0
"370";431720;2015;"MUNICIPIO";532;0;0;524;8;146;66;238;72;10;285;247;26;NA;12;12;0;520;NA;12;0;0;0;0
"371";431725;2015;"MUNICIPIO";18;0;0;17;1;2;5;10;1;0;14;4;NA;NA;NA;NA;NA;18;NA;NA;NA;NA;NA;NA
"372";431730;2015;"MUNICIPIO";264;0;0;257;7;79;42;111;29;3;158;106;9;NA;1;1;0;263;NA;1;0;0;0;0
"373";431740;2015;"MUNICIPIO";397;0;0;388;9;120;47;155;67;8;198;199;10;NA;5;5;0;392;NA;5;0;0;0;0
"374";431750;2015;"MUNICIPIO";565;0;0;550;15;118;54;278;104;11;286;279;26;NA;5;5;0;560;NA;4;0;1;0;0
"375";431755;2015;"MUNICIPIO";16;0;0;16;0;7;2;4;3;0;11;5;NA;NA;NA;NA;NA;16;NA;NA;NA;NA;NA;NA
"376";431760;2015;"MUNICIPIO";313;0;0;306;7;87;42;136;43;5;194;119;11;NA;3;3;0;309;NA;2;0;1;0;0
"377";431770;2015;"MUNICIPIO";91;0;0;91;0;41;12;27;11;0;46;45;NA;NA;NA;NA;NA;91;NA;NA;NA;NA;NA;NA
"378";431775;2015;"MUNICIPIO";16;0;0;15;1;7;3;5;1;0;11;5;NA;NA;NA;NA;NA;16;NA;NA;NA;NA;NA;NA
"379";431780;2015;"MUNICIPIO";88;0;0;88;0;29;14;37;6;2;37;51;4;NA;2;2;0;86;NA;2;0;0;0;0
"380";431790;2015;"MUNICIPIO";101;0;0;99;2;27;8;51;15;0;45;56;3;NA;2;2;0;99;NA;2;0;0;0;0
"381";431795;2015;"MUNICIPIO";12;0;0;12;0;2;1;5;3;1;6;6;NA;NA;NA;NA;NA;12;NA;NA;NA;NA;NA;NA
"382";431800;2015;"MUNICIPIO";483;0;0;477;6;163;61;205;48;6;251;232;23;NA;7;7;0;476;NA;7;0;0;0;0
"383";431805;2015;"MUNICIPIO";17;0;0;17;0;6;0;9;2;0;8;9;NA;NA;NA;NA;NA;17;NA;NA;NA;NA;NA;NA
"384";431810;2015;"MUNICIPIO";161;0;0;159;2;47;22;74;17;1;93;68;4;NA;NA;NA;NA;161;NA;NA;NA;NA;NA;NA
"385";431820;2015;"MUNICIPIO";156;0;0;150;6;53;15;66;19;3;91;65;7;NA;3;3;0;153;NA;3;0;0;0;0
"386";431830;2015;"MUNICIPIO";509;0;0;496;13;141;62;238;63;5;279;230;17;NA;6;5;1;502;NA;4;1;1;0;0
"387";431840;2015;"MUNICIPIO";181;0;0;176;5;49;12;88;25;7;94;87;5;NA;3;3;0;178;NA;3;0;0;0;0
"388";431842;2015;"MUNICIPIO";29;0;0;29;0;3;6;16;4;0;20;9;1;NA;NA;NA;NA;29;NA;NA;NA;NA;NA;NA
"389";431843;2015;"MUNICIPIO";23;0;0;22;1;9;1;10;3;0;12;11;NA;NA;NA;NA;NA;23;NA;NA;NA;NA;NA;NA
"390";431844;2015;"MUNICIPIO";19;0;0;19;0;6;1;9;3;0;10;9;2;NA;NA;NA;NA;19;NA;NA;NA;NA;NA;NA
"391";431845;2015;"MUNICIPIO";16;0;0;15;1;5;1;7;3;0;11;5;NA;NA;1;1;0;15;NA;1;0;0;0;0
"392";431846;2015;"MUNICIPIO";20;0;0;19;1;6;1;10;3;0;13;7;NA;NA;NA;NA;NA;20;NA;NA;NA;NA;NA;NA
"393";431848;2015;"MUNICIPIO";28;0;0;27;1;5;2;14;6;1;17;11;1;NA;NA;NA;NA;28;NA;NA;NA;NA;NA;NA
"394";431849;2015;"MUNICIPIO";26;0;0;26;0;7;2;14;3;0;15;11;NA;NA;NA;NA;NA;26;NA;NA;NA;NA;NA;NA
"395";431850;2015;"MUNICIPIO";206;0;0;204;2;57;31;89;26;3;108;98;9;NA;NA;NA;NA;206;NA;NA;NA;NA;NA;NA
"396";431860;2015;"MUNICIPIO";57;0;0;56;1;22;6;20;9;0;32;25;2;NA;2;2;0;55;NA;2;0;0;0;0
"397";431861;2015;"MUNICIPIO";18;0;0;18;0;1;2;12;3;0;10;8;NA;NA;NA;NA;NA;18;NA;NA;NA;NA;NA;NA
"398";431862;2015;"MUNICIPIO";19;0;0;19;0;8;2;4;5;0;7;12;1;NA;NA;NA;NA;19;NA;NA;NA;NA;NA;NA
"399";431870;2015;"MUNICIPIO";1562;0;0;1507;55;438;153;709;220;42;861;701;80;NA;37;36;1;1523;NA;29;3;1;0;1
"400";431880;2015;"MUNICIPIO";381;0;0;379;2;130;40;154;52;5;215;166;7;NA;3;3;0;378;NA;3;0;0;0;0
"401";431890;2015;"MUNICIPIO";291;0;0;285;6;84;35;115;51;6;152;139;5;NA;1;1;0;290;NA;1;0;0;0;0
"402";431900;2015;"MUNICIPIO";143;0;0;140;3;41;16;77;9;0;71;72;4;NA;2;2;0;141;NA;2;0;0;0;0
"403";431910;2015;"MUNICIPIO";34;0;0;34;0;6;4;21;3;0;13;21;2;NA;NA;NA;NA;34;NA;NA;NA;NA;NA;NA
"404";431912;2015;"MUNICIPIO";21;0;0;20;1;7;0;11;3;0;12;9;2;NA;NA;NA;NA;21;NA;NA;NA;NA;NA;NA
"405";431915;2015;"MUNICIPIO";61;0;0;61;0;10;7;30;14;0;34;27;3;NA;NA;NA;NA;61;NA;NA;NA;NA;NA;NA
"406";431920;2015;"MUNICIPIO";35;0;0;34;1;14;2;14;5;0;19;16;1;NA;NA;NA;NA;35;NA;NA;NA;NA;NA;NA
"407";431930;2015;"MUNICIPIO";59;0;0;58;1;17;7;30;5;0;40;19;2;NA;3;2;1;56;NA;2;0;1;0;0
"408";431935;2015;"MUNICIPIO";23;0;0;21;2;8;2;9;3;1;10;13;NA;NA;NA;NA;NA;23;NA;NA;NA;NA;NA;NA
"409";431936;2015;"MUNICIPIO";18;0;0;17;1;3;4;7;4;0;9;9;2;NA;NA;NA;NA;18;NA;NA;NA;NA;NA;NA
"410";431937;2015;"MUNICIPIO";29;0;0;29;0;7;4;15;3;0;14;15;NA;NA;NA;NA;NA;29;NA;NA;NA;NA;NA;NA
"411";431940;2015;"MUNICIPIO";133;0;0;132;1;43;8;66;14;2;72;61;4;NA;1;1;0;132;NA;1;0;0;0;0
"412";431950;2015;"MUNICIPIO";180;0;0;176;4;57;13;91;18;1;92;88;12;1;2;2;0;178;NA;1;0;0;0;0
"413";431960;2015;"MUNICIPIO";210;0;0;208;2;58;21;102;29;0;115;95;8;NA;1;1;0;209;NA;0;0;1;0;0
"414";431970;2015;"MUNICIPIO";32;0;0;30;2;9;3;15;4;1;16;16;2;NA;NA;NA;NA;32;NA;NA;NA;NA;NA;NA
"415";431971;2015;"MUNICIPIO";17;0;0;16;1;1;5;8;3;0;11;6;NA;NA;NA;NA;NA;17;NA;NA;NA;NA;NA;NA
"416";431973;2015;"MUNICIPIO";13;0;0;13;0;3;2;6;2;0;9;4;NA;NA;NA;NA;NA;13;NA;NA;NA;NA;NA;NA
"417";431975;2015;"MUNICIPIO";20;0;0;19;1;6;2;10;2;0;11;9;1;NA;NA;NA;NA;20;NA;NA;NA;NA;NA;NA
"418";431980;2015;"MUNICIPIO";74;0;0;72;2;13;8;43;10;0;44;30;1;NA;1;1;0;73;NA;1;0;0;0;0
"419";431990;2015;"MUNICIPIO";433;0;0;416;17;116;41;217;54;5;244;189;19;1;9;9;0;424;1;9;0;0;0;0
"420";432000;2015;"MUNICIPIO";921;0;0;901;20;237;103;422;125;34;518;403;37;1;10;10;0;910;1;8;1;1;0;0
"421";432010;2015;"MUNICIPIO";122;0;0;121;1;38;12;54;18;0;67;55;6;NA;NA;NA;NA;122;NA;NA;NA;NA;NA;NA
"422";432020;2015;"MUNICIPIO";85;0;0;83;2;29;10;37;9;0;39;46;1;NA;3;3;0;82;NA;3;0;0;0;0
"423";432023;2015;"MUNICIPIO";28;0;0;28;0;9;1;14;4;0;14;14;NA;NA;NA;NA;NA;28;NA;NA;NA;NA;NA;NA
"424";432026;2015;"MUNICIPIO";50;0;0;49;1;17;8;19;6;0;28;22;4;NA;NA;NA;NA;50;NA;NA;NA;NA;NA;NA
"425";432030;2015;"MUNICIPIO";34;0;0;34;0;8;1;15;9;1;19;15;NA;NA;NA;NA;NA;34;NA;NA;NA;NA;NA;NA
"426";432032;2015;"MUNICIPIO";27;0;0;27;0;8;4;11;4;0;13;14;1;NA;NA;NA;NA;27;NA;NA;NA;NA;NA;NA
"427";432035;2015;"MUNICIPIO";57;0;0;56;1;12;5;29;10;1;29;28;3;NA;1;1;0;56;NA;1;0;0;0;0
"428";432040;2015;"MUNICIPIO";91;0;0;90;1;26;12;43;10;0;56;35;4;NA;3;3;0;88;NA;3;0;0;0;0
"429";432045;2015;"MUNICIPIO";23;0;0;23;0;6;2;12;3;0;10;13;1;NA;1;1;0;22;NA;1;0;0;0;0
"430";432050;2015;"MUNICIPIO";56;0;0;55;1;19;5;27;4;1;28;28;3;NA;NA;NA;NA;56;NA;NA;NA;NA;NA;NA
"431";432055;2015;"MUNICIPIO";46;0;0;46;0;12;10;18;4;2;31;15;NA;NA;NA;NA;NA;46;NA;NA;NA;NA;NA;NA
"432";432057;2015;"MUNICIPIO";14;0;0;14;0;2;1;10;1;0;10;4;NA;NA;NA;NA;NA;14;NA;NA;NA;NA;NA;NA
"433";432060;2015;"MUNICIPIO";25;0;0;24;1;3;2;16;4;0;12;13;1;NA;NA;NA;NA;25;NA;NA;NA;NA;NA;NA
"434";432065;2015;"MUNICIPIO";24;0;0;23;1;8;5;9;2;0;12;12;NA;NA;NA;NA;NA;24;NA;NA;NA;NA;NA;NA
"435";432067;2015;"MUNICIPIO";76;0;0;72;4;21;11;37;7;0;39;37;2;NA;NA;NA;NA;76;NA;NA;NA;NA;NA;NA
"436";432070;2015;"MUNICIPIO";124;0;0;122;2;36;17;53;18;0;76;48;3;NA;1;1;0;123;NA;0;0;1;0;0
"437";432080;2015;"MUNICIPIO";239;0;0;235;4;67;29;106;35;2;129;110;9;NA;2;1;1;237;NA;0;0;1;0;0
"438";432085;2015;"MUNICIPIO";29;0;0;29;0;9;3;11;6;0;16;13;NA;NA;1;1;0;28;NA;1;0;0;0;0
"439";432090;2015;"MUNICIPIO";145;0;0;140;5;33;19;75;17;1;81;64;9;NA;4;4;0;141;NA;4;0;0;0;0
"440";432100;2015;"MUNICIPIO";67;0;0;66;1;14;9;34;10;0;33;34;4;NA;NA;NA;NA;67;NA;NA;NA;NA;NA;NA
"441";432110;2015;"MUNICIPIO";143;0;0;139;4;36;10;75;16;6;79;64;5;NA;1;1;0;142;NA;1;0;0;0;0
"442";432120;2015;"MUNICIPIO";448;0;0;441;7;143;39;186;70;10;251;197;18;NA;NA;NA;NA;448;NA;NA;NA;NA;NA;NA
"443";432130;2015;"MUNICIPIO";225;0;0;221;4;59;27;96;39;4;126;98;7;NA;3;3;0;222;NA;3;0;0;0;0
"444";432132;2015;"MUNICIPIO";25;0;0;25;0;9;4;8;3;1;14;11;1;NA;NA;NA;NA;25;NA;NA;NA;NA;NA;NA
"445";432135;2015;"MUNICIPIO";48;0;0;47;1;13;7;25;3;0;23;25;2;NA;NA;NA;NA;48;NA;NA;NA;NA;NA;NA
"446";432140;2015;"MUNICIPIO";96;0;0;93;3;22;8;55;9;2;52;44;6;NA;1;1;0;95;NA;1;0;0;0;0
"447";432143;2015;"MUNICIPIO";73;0;0;72;1;18;3;43;8;1;47;26;3;NA;1;1;0;72;NA;0;0;1;0;0
"448";432145;2015;"MUNICIPIO";187;0;0;184;3;58;18;82;28;1;95;92;10;NA;2;2;0;185;NA;2;0;0;0;0
"449";432146;2015;"MUNICIPIO";17;0;0;17;0;5;2;5;3;2;10;7;NA;NA;NA;NA;NA;17;NA;NA;NA;NA;NA;NA
"450";432147;2015;"MUNICIPIO";57;0;0;56;1;16;4;32;4;1;36;21;2;NA;1;1;0;56;NA;1;0;0;0;0
"451";432149;2015;"MUNICIPIO";25;0;0;23;2;7;1;14;3;0;14;11;1;NA;NA;NA;NA;25;NA;NA;NA;NA;NA;NA
"452";432150;2015;"MUNICIPIO";276;0;0;266;10;95;34;119;24;4;171;104;12;NA;2;2;0;274;NA;1;0;0;1;0
"453";432160;2015;"MUNICIPIO";392;0;0;376;16;91;38;201;46;16;236;156;18;NA;8;8;0;384;NA;8;0;0;0;0
"454";432162;2015;"MUNICIPIO";21;0;0;21;0;3;0;12;5;1;12;9;1;NA;NA;NA;NA;21;NA;NA;NA;NA;NA;NA
"455";432163;2015;"MUNICIPIO";15;0;0;15;0;3;4;6;2;0;11;4;NA;NA;NA;NA;NA;15;NA;NA;NA;NA;NA;NA
"456";432166;2015;"MUNICIPIO";60;0;0;59;1;24;7;26;3;0;33;27;3;NA;NA;NA;NA;60;NA;NA;NA;NA;NA;NA
"457";432170;2015;"MUNICIPIO";160;0;0;156;4;51;18;56;31;4;86;74;5;NA;4;4;0;156;NA;4;0;0;0;0
"458";432180;2015;"MUNICIPIO";208;0;0;202;6;57;29;84;35;3;97;111;13;NA;3;3;0;205;NA;3;0;0;0;0
"459";432183;2015;"MUNICIPIO";17;0;0;17;0;3;1;10;2;1;8;9;1;NA;NA;NA;NA;17;NA;NA;NA;NA;NA;NA
"460";432185;2015;"MUNICIPIO";23;0;0;22;1;9;3;7;4;0;12;11;1;NA;NA;NA;NA;23;NA;NA;NA;NA;NA;NA
"461";432190;2015;"MUNICIPIO";204;0;0;198;6;57;16;94;32;5;106;98;6;NA;1;1;0;203;NA;1;0;0;0;0
"462";432195;2015;"MUNICIPIO";34;0;0;33;1;10;2;18;4;0;14;20;1;NA;1;1;0;33;NA;1;0;0;0;0
"463";432200;2015;"MUNICIPIO";187;0;0;180;7;56;15;89;24;3;115;72;9;NA;5;5;0;182;NA;5;0;0;0;0
"464";432210;2015;"MUNICIPIO";44;0;0;44;0;9;10;18;7;0;24;20;1;NA;NA;NA;NA;44;NA;NA;NA;NA;NA;NA
"465";432215;2015;"MUNICIPIO";28;0;0;27;1;7;2;15;4;0;20;8;NA;NA;NA;NA;NA;28;NA;NA;NA;NA;NA;NA
"466";432218;2015;"MUNICIPIO";10;0;0;9;1;6;1;3;0;0;4;6;NA;NA;NA;NA;NA;10;NA;NA;NA;NA;NA;NA
"467";432220;2015;"MUNICIPIO";154;0;0;153;1;44;21;65;23;1;91;63;3;NA;2;2;0;152;NA;1;0;0;0;0
"468";432225;2015;"MUNICIPIO";19;0;0;19;0;6;3;7;3;0;11;8;NA;NA;NA;NA;NA;19;NA;NA;NA;NA;NA;NA
"469";432230;2015;"MUNICIPIO";79;0;0;78;1;19;12;35;13;0;42;37;2;NA;NA;NA;NA;79;NA;NA;NA;NA;NA;NA
"470";432232;2015;"MUNICIPIO";23;0;0;21;2;7;2;10;3;1;15;8;NA;NA;NA;NA;NA;23;NA;NA;NA;NA;NA;NA
"471";432234;2015;"MUNICIPIO";18;0;0;18;0;8;2;7;1;0;9;9;NA;NA;NA;NA;NA;18;NA;NA;NA;NA;NA;NA
"472";432235;2015;"MUNICIPIO";13;0;0;12;1;4;0;7;2;0;8;5;NA;NA;NA;NA;NA;13;NA;NA;NA;NA;NA;NA
"473";432237;2015;"MUNICIPIO";18;0;0;18;0;9;1;7;1;0;7;11;1;NA;NA;NA;NA;18;NA;NA;NA;NA;NA;NA
"474";432240;2015;"MUNICIPIO";921;0;0;895;26;214;95;472;109;31;495;426;54;1;17;17;0;903;1;17;0;0;0;0
"475";432250;2015;"MUNICIPIO";524;0;0;513;11;117;49;272;78;8;277;247;22;NA;10;10;0;514;NA;9;0;0;0;0
"476";432252;2015;"MUNICIPIO";35;0;0;35;0;13;5;11;6;0;20;15;NA;NA;NA;NA;NA;35;NA;NA;NA;NA;NA;NA
"477";432253;2015;"MUNICIPIO";98;0;0;96;2;41;10;31;16;0;55;43;4;NA;NA;NA;NA;98;NA;NA;NA;NA;NA;NA
"478";432254;2015;"MUNICIPIO";25;0;0;24;1;2;7;15;1;0;11;14;1;NA;NA;NA;NA;25;NA;NA;NA;NA;NA;NA
"479";432255;2015;"MUNICIPIO";11;0;0;11;0;3;0;4;4;0;4;7;1;NA;NA;NA;NA;11;NA;NA;NA;NA;NA;NA
"480";432260;2015;"MUNICIPIO";490;0;0;479;11;119;53;220;87;11;276;214;20;1;5;5;0;485;1;5;0;0;0;0
"481";432270;2015;"MUNICIPIO";199;0;0;193;6;66;21;85;26;1;115;84;7;NA;1;1;0;198;NA;1;0;0;0;0
"482";432280;2015;"MUNICIPIO";179;0;0;175;4;40;28;77;28;6;96;83;9;NA;2;2;0;177;NA;2;0;0;0;0
"483";432285;2015;"MUNICIPIO";17;0;0;17;0;4;0;8;5;0;8;9;NA;NA;NA;NA;NA;17;NA;NA;NA;NA;NA;NA
"484";432290;2015;"MUNICIPIO";34;0;0;34;0;9;7;15;3;0;21;13;NA;NA;NA;NA;NA;34;NA;NA;NA;NA;NA;NA
"485";432300;2015;"MUNICIPIO";1774;0;0;1700;74;431;172;903;209;59;1037;736;82;1;26;24;2;1745;1;19;1;5;0;0
"486";432310;2015;"MUNICIPIO";38;0;0;38;0;17;3;12;6;0;16;22;NA;NA;NA;NA;NA;38;NA;NA;NA;NA;NA;NA
"487";432320;2015;"MUNICIPIO";21;0;0;21;0;7;2;10;2;0;10;11;1;NA;1;1;0;20;NA;1;0;0;0;0
"488";432330;2015;"MUNICIPIO";24;0;0;22;2;3;2;13;6;0;13;11;1;NA;1;1;0;23;NA;1;0;0;0;0
"489";432335;2015;"MUNICIPIO";13;0;0;13;0;1;3;5;4;0;8;5;NA;NA;NA;NA;NA;13;NA;NA;NA;NA;NA;NA
"490";432340;2015;"MUNICIPIO";40;0;0;38;2;10;3;22;4;1;23;17;2;NA;NA;NA;NA;40;NA;NA;NA;NA;NA;NA
"491";432345;2015;"MUNICIPIO";21;0;0;21;0;7;7;6;1;0;17;4;NA;NA;NA;NA;NA;21;NA;NA;NA;NA;NA;NA
"492";432350;2015;"MUNICIPIO";14;0;0;14;0;3;3;8;0;0;6;8;NA;NA;NA;NA;NA;14;NA;NA;NA;NA;NA;NA
"493";432360;2015;"MUNICIPIO";4;0;0;4;0;1;1;1;1;0;2;2;NA;NA;NA;NA;NA;4;NA;NA;NA;NA;NA;NA
"494";432370;2015;"MUNICIPIO";21;0;0;21;0;6;3;10;2;0;9;12;2;NA;NA;NA;NA;21;NA;NA;NA;NA;NA;NA
"495";432375;2015;"MUNICIPIO";27;0;0;27;0;11;2;11;3;0;16;11;1;1;NA;NA;NA;27;1;NA;NA;NA;NA;NA
"496";432377;2015;"MUNICIPIO";24;0;0;24;0;8;2;12;2;0;16;8;NA;NA;NA;NA;NA;24;NA;NA;NA;NA;NA;NA
"497";432380;2015;"MUNICIPIO";73;0;0;71;2;18;9;37;7;2;46;27;5;NA;1;1;0;72;NA;1;0;0;0;0
